domain,emailed_at
teamvivo.com,2026-04-14 21:17:54
parallelhealth.io,2026-04-14 17:11:48
stipple.bio,2026-04-14 17:12:31
littlebird.care,2026-04-14 17:12:49
excellergy.com,2026-04-14 17:14:38
avisitech.com,2026-04-14 17:15:18
renovorx.com,2026-04-14 17:16:17
acurionhealth.com,2026-04-14 17:16:54
keycare.org,2026-04-14 17:18:13
rivia.ch,2026-04-14 17:18:44
trycreate.co,2026-04-14 17:21:55
carecubes.com,2026-04-14 17:22:30
turntherapeutics.com,2026-04-14 17:22:40
veradermics.com,2026-04-14 17:23:25
slatemedicines.com,2026-04-14 17:23:42
audicin.com,2026-04-14 17:24:06
blisstherapy.org,2026-04-14 17:24:21
nakamoto.com,2026-04-14 17:24:32
serinatherapeutics.com,2026-04-14 17:25:30
laigobio.com,2026-04-14 17:26:16
semarion.com,2026-04-14 17:26:35


avalon-globocare.com,2026-04-15 18:57:12
basys.ai,2026-04-15 18:57:30
bircheshealth.com,2026-04-15 18:58:07
transcendtherapeutics.com,2026-04-15 18:58:38
helloporter.com,2026-04-15 18:59:14
polyrizon-biotech.com,2026-04-15 18:59:25
pelagepharma.com,2026-04-15 19:00:00
syndex.bio,2026-04-15 19:00:23
trianglehealth.com,2026-04-15 19:00:41
sinopiabio.com,2026-04-15 19:00:57
rybodyn.com,2026-04-15 19:01:36
marvelbiotechnology.com,2026-04-15 19:01:51
peoplescience.health,2026-04-15 19:02:26
cadootz.com,2026-04-15 19:02:46
maiabiotech.com,2026-04-15 19:03:16
essentlcreator.com,2026-04-15 19:03:28
bevel.health,2026-04-15 19:03:53
biocaptiva.com,2026-04-15 19:04:16
rimidi.com,2026-04-17 15:08:04
manasai.co,2026-04-17 15:09:17
catch.co,2026-04-17 15:12:56
decoytx.com,2026-04-17 15:14:17
pricklypear.io,2026-04-17 15:15:07
tempramed.com,2026-04-17 15:15:48
spinogenix.com,2026-04-17 15:16:03
diappymed.com,2026-04-17 15:16:21
coyatherapeutics.com,2026-04-17 15:17:15
neokbio.com,2026-04-17 15:17:37
reprai.com,2026-04-17 15:18:01
veracityselfcare.com,2026-04-17 15:20:26
eirpartners.com,2026-04-17 15:20:50
osr-holdings.com,2026-04-17 15:21:18
boltnav.com,2026-04-17 15:21:39
proliumbio.com.,2026-04-17 15:22:09
abramscientific.com,2026-04-17 15:22:25
junebrain.com,2026-04-17 15:22:48
mayhealth.com,2026-04-17 15:23:10
mytopicals.com,2026-04-17 15:23:31
translucent.co,2026-04-17 15:23:52
r1therapeutics.com,2026-04-20 16:39:31
subsense-bci.com,2026-04-20 16:53:00
unitybevs.com,2026-04-20 16:53:26
zocalo.health,2026-04-20 16:54:09
mindimmune.com,2026-04-20 16:54:55
carmellcosmetics.com,2026-04-20 16:55:15
oova.life,2026-04-20 16:55:28
genflowbio.com,2026-04-20 16:55:42
